user_pseudo_id,traffic_source,d3_total_events,d3_levels_completed,d3_errors,d3_max_score,target_roas_d30
9D6ED0F32359797E2D434FB8233F0FE0,(direct),61,0,0,0,0
CFE57B8ACA078C7618E2E477955404CB,,98,3,0,0,0
0617A09ABF92B4E5CD854F64FA86F8A2,,42,0,0,0,0
28C3573C64D06BD68E31D18E5DA77ABE,(direct),243,1,0,21,0
21A8AA9B759F44F04F8BDE4AEB9CF4A9,(direct),32,0,0,0,0
4981881A07711A41C3C9C50641E5F1C1,,74,0,0,0,0
97813C801E4E2F479172790F3F2E4071,(direct),170,0,0,0,0
BEB1E4B878112A53985AA6A0A2D30F16,,105,0,0,0,0
FB05C8C9030FAE966A9F354C50E2A83E,(direct),16,0,0,0,0
1D268E05DB8E109C120F9DE292DA9AA3,,85,0,0,0,0
5A871813B23AC594CEA75D419FCC425C,,135,0,0,0,0
CD4062B84D436C16F887EF6E54D6913C,(direct),32,0,0,0,0
159002C6F393752AD79B3C2E8C7104C7,(direct),153,4,0,1,0
CF092C279C3407DD69A44008D7511A2E,(direct),62,0,0,0,0
9598D7469CFA9550D6CCA6C48E05895B,(direct),755,0,0,0,0
6DB64C1C5B311A9535DDF18B8C33517A,,24,0,0,0,0
A7993B3D9E693DFD3EA57CF4D1B8D00F,,466,6,0,0,0
1DA8274F7DFF067A8C660DF64E109390,(direct),15,0,0,0,0
E4E7A54ECE97237E75C2A4F4D51E5C71,Invite a Friend,6,0,0,0,0
27DF439BFD9C3BB0CB0D636030E61F57,(direct),469,2,0,0,0
1998E771F5C24E7FEA242074595E52FE,(direct),287,1,0,0,0
FA596A777C81AFE81313CACC0AC7D6C7,(direct),166,0,0,0,0
AB48D576008899542044F575FF8DF525,(direct),228,1,0,0,0
DF2FC56E807EAF16E852AEAB67E0127A,,202,0,1,0,0
5B9149282B2EB48FE5AFE1240FC0440E,,941,1,0,0,0
497308A94C26945E008226F51C49C706,(direct),476,0,0,21,0
7393E3E8A1D61F2A850CD562E6438814,(direct),114,1,0,0,0
06B95A287747969EA536281F69C72096,,45,0,0,0,0
E7CA17C672DBF5F7D469AB1B8A8110DB,,30,2,0,0,0
E806F12D29E9F873BE6EAA01CD1E1B4F,,584,0,0,0,0
60406ADD3EE12783E9DF7A35EE8570BE,,667,0,0,0,0
F265BF21818911E49CA79808166C8500,(direct),134,0,0,0,0
41CE65642EE9559E1892826A3B37D97B,,25,1,0,0,0
343EF0B5FF277FA9F30E341F74048B07,,296,4,9,0,0
97746CE0DF1E7BBB0EEB43509FEE15D3,,254,0,0,0,0
08B7AEC83DA53E917D595FE60C2CB600,,990,1,0,12,0
DA00B27EE3A7FA06D967B74E0D440E5E,(direct),131,1,0,0,0
667B1425546E7502CD66F9DF0C6321C1,,499,0,0,0,0
EB09E2B97B6A67E9C8654CB9237F798A,(direct),145,0,0,0,0
66D8316FE36C1F7082BFB3FCC8BAB0CC,,25,1,0,0,0
E6801E3BAF7C8123841AFD7969FBD7AC,(direct),186,6,0,0,0
BBBD36272E3F89302D5E750692188911,(direct),33,1,0,0,0
F1E7C01A166C846DE3F3D6639DDFCB4B,(direct),299,0,0,0,0
C0363599C5FF1F45DCB169BC9B78E2B0,(direct),32,0,0,0,0
339B3E5F1BA5A326F1A4F3A4FEAEA957,(direct),1,0,0,0,0
EAA452C246E3CCD96ACAE0634C16443E,,122,0,0,0,0
043BBE7A49CFB1ABF4FA38E7A5843A87,,100,0,0,0,0
C173C4340BD097BCB5FF94ABA9C2F0A9,(direct),37,0,0,19,0
BA92BB1BDDB2B8C151B517B5C7B2795E,(direct),14,0,0,0,0
313FFB1706DF45A1D62DFC7CAF100D5B,(direct),6,0,0,0,0
A05ACB383D79E187B98B95E9C749C416,,638,2,0,0,0
32C1FC06D7CEB6F161FC2EE0EE8744E8,,25,0,0,21,0
026E9E99CF63F4AD31203F6B2E01949D,,1933,20,10,0,0
EF1CF9C1C84826BE2985E02194F65C38,,2234,4,0,0,0
A36F25C8F1DA9907C53230C1B5D4FAB4,(direct),48,0,0,0,0
6C015487A355FF3EC4AEFB80F8DF6457,,65,5,0,0,0
81C75CB599BE7E11A66110C3FE9D0050,(direct),549,24,0,6,0
04BFCF69CE859FD62D429C70F2EC1575,(direct),84,0,0,21,0
77D5FF20DF909CDD790ED52FC94AF7BD,(direct),101,2,0,21,0
CE29CD745AD91AE056841B4252417028,,317,0,0,16,0
850924D53849BF4AE201472A5D99A4EF,(direct),27,0,0,0,0
C35849BEA02BBE500370DEF84511F856,,97,0,0,0,0
A68C4D0A3F32C3F7621CA7675E9F39A6,,61,0,0,0,0
3B4005063B8A2F3C0F8F8E13E6AF36BD,(direct),67,0,0,0,0
ACC9710DAD24A644E2F9360C67EB9110,(direct),136,0,0,0,0
E8808298EB58EBCDBD87AC021925A5F9,,545,0,0,0,0
29DB369432F8962FFE5B5C09A856A66B,,93,0,0,0,0
22758EB02AC5EADF2CB2F8533D85603A,(direct),76,0,0,0,0
508D2C437A3BAB2A77F63442D34F5B56,(direct),355,0,0,0,0
1CC6149DC59EC6D8FC8B08CFD7912987,(direct),68,4,0,0,0
54A8BB4F71F119C107273BE0A5798D54,(direct),7,0,0,0,0
33E8B12FD99A752C7586B94FF0F8C349,(direct),57,0,0,0,0
D849FB573A9B61AD00A57DAD01821DFE,(direct),15,0,0,0,0
9EC122C566A5D89F5D81E8E3E680FC9E,(direct),5,0,0,0,0
05921BC5E3BE3FB4BB7B38A43E1D401F,(direct),154,0,0,21,0
B39508DE024AF1249C3E23FA7C25C688,,99,0,0,0,0
2A3FF7DCBE1E66EAF03A1057BCF5FA09,(direct),12,1,0,0,0
3A4F5028A0CA512C0E2CCA1F36CE160D,(direct),517,1,11,18,0
87446ABE4CFD9FDD936C0838442FD9E8,(direct),68,0,0,0,0
E23D9D07AD098E857781F7122302EB6B,(direct),71,0,0,0,0
DC3385FCDBAC11484BBCCC308336B549,(direct),179,0,1,0,0
A9FF098581B70149D1959FB89B5906B9,,94,0,0,21,0
7AA397B89B31AE2AC9DB31F9E7609A43,,10,0,0,0,0
A1CCD9D935CD30A3A49B3A78204315BE,(direct),66,3,0,0,0
F255783CD2D61DEACA4CC9E791E9CEC0,(direct),204,4,0,0,0
28AA4A0542C8873691715C284D13C34B,(direct),68,1,0,17,0
236CB6EEEC7A33EBB21C555AC29117D3,(direct),91,1,0,2,0
0EDDBC2BD5A3A171EBFEFBF534B9C3C8,(direct),34,0,0,9,0
F7257ADC528634BC54E3C4439C0CC3C7,(direct),4,0,0,0,0
9FC8C8D89843323CBE3DCE4961C4EC39,(direct),16,0,0,0,0
83BD247F986B80A1459E119D2891452E,(direct),12,0,0,0,0
012A1B5594934B98BD38FDD68C560702,(direct),170,1,0,0,0
416393D1443B6F0E64C6FD61CD148C03,(direct),8,0,0,0,0
D30416401803E77047A3EECF403914AD,,79,4,1,0,0
9BFB7620C29C4639B52FE76D4D021539,(direct),7,0,0,0,0
C006BDD387158B17AD45F2BC0F346048,,283,0,3,0,0
6E2CE131E60D8C3D91C16CE43EFC0347,,47,2,0,0,0
D1C9E5CF7E31B0F8641712023BE269F5,,42,0,0,0,0
6F17905FFFFA8A83CD073C38350EFD1F,(direct),17,0,0,0,0
A56A508A3344AB0530163C3A3137758C,,3,0,0,0,0
71755A870405E2457A78D3D49C8B4364,,5,0,0,0,0
04EF01C1F4723249F90F920DF018F16C,(direct),87,0,0,0,0
EF7772819E807EDBD8DB0F0B5210030E,(direct),653,12,0,0,0
4593E981ECEF849FC7DA0F7FDA0F250E,(direct),18,0,0,0,0
DA426D16B0EAB27DE1AC9D6E3418F400,,971,0,0,0,0
9C2DD86B2DCB9FFB2356BC97F1ACE65F,,90,0,0,0,0
A62D86FAFF43F1EC89D6F867915D7D56,,84,0,0,0,0
42421044D6B3F0190A37145A20403036,,162,0,0,0,0
427C31D59AE5368FDB632549C93CF9A1,,869,11,0,0,0
E80C958E3C33898989A30B8F5A4514F0,,203,1,0,0,0
7C7C8524146AA5006BE260A041101DF3,(direct),12,0,0,0,0
6DC90DD09DF860E7C60C00BF36906CB3,(direct),124,2,0,0,0
A455B9E2AFF03D3DD29AAD30366003BE,(direct),84,0,0,21,0
5BA2B0B18E94EA7EABE532297E83F0BE,,864,3,0,0,0
5BA691FA0C509B9F8909E7FFC0C88FEC,(direct),60,2,0,0,0
65D1701E5BA0070CCF15F0CB0E1CF750,(direct),145,14,0,0,0
6DDE1080AC8A38C5E8098C3FADE135CA,(direct),183,1,0,0,0
09AE6B26FBC18008DDA281D674B0B216,,138,2,0,0,0
073FD5B36BB079283A7A76A6CDAEE19C,(direct),108,0,0,0,0
E7457A03561570A97A4646A1CDFEDBC8,(direct),54,2,0,0,0
DABD5F8DD42B23039CE6055C9C93E50F,(direct),44,0,0,0,0
B590F4E6B052E5C92FCB783823691317,(direct),7,0,0,0,0
B6D0E29E393A645C3326B2993D6A84CF,(direct),97,0,0,0,0
A070CCB06DE90B72F374E9CB7EE77CA1,,21,0,0,0,0
CAD42025ACBC42A48B3500AB25DA7E35,(direct),6,0,0,0,0
3AC17DC7FDC01F22DE988A856404ABF5,(direct),26,0,0,0,0
3A9B0C063FC309F0B918C7885EDEA71D,(direct),39,0,0,0,0
9D080010659E58645D8E0765DF83ABFD,(direct),151,1,0,1,0
89427602D4335C85A7205E64B3347655,(direct),103,3,0,0,0
E95ED293D8C7E9EBB02D3804B83EF042,(direct),1,0,0,0,0
D4261F60B47DC91F9869C0F6C12E30CC,(direct),2,0,0,0,0
1B7FF293CEB974A6F4E4788D705FF314,(direct),264,0,0,0,0
7FA778C27A7CD840454FC893B8200200,(direct),24,0,0,0,0
E753BCF728EBAF5CF4D2D57705F007FA,(direct),22,0,0,0,0
A64CA7941E040C69E34F7AA338DA8239,(direct),14,0,0,0,0
8B7110AC0A6E048628AB4BCC751E0A09,,27,0,0,0,0
36D4AF54541384D73D11BC19EBB0DF97,(direct),7,0,0,0,0
0DCD6B00CAB93941AA5EB18DE8C053EE,(direct),5,0,0,0,0
A2D0AAFA35E66B8372DDAD76450A82FF,,3,0,0,0,0
4C24B12A477BD284ED0304487600B8D2,,28,0,0,0,0
60A18C651D23E2866F761919F140EFBD,,3,0,0,0,0
81918C20AA666AB97D0D4EA4DE5BFB6F,,109,1,0,0,0
841727B396264112EC75FEB26C57E25C,,1017,34,1,0,0
D84C3BFD237D79D5FA1A8189F7DC6845,(direct),38,1,0,0,0
86C279CEE90D97565DD82D2A92A9F421,(direct),5,0,0,0,0
5F36B447AE0BD99BD05B4E84B057E556,(direct),104,0,0,0,0
FF6488918D5210F79676433098CAB3AF,(direct),160,0,0,0,0
2468F4F1BEC49F2A82A3E6819EF2C0B4,(direct),96,0,0,0,0
382C4713DE77302013BE7C2A95950D2D,,1,0,0,0,0
5D0FFF917C2ACDE63FB813CF76CC0394,(direct),2,0,0,0,0
491146C3F268CE8EDBE7652004FDF5A9,,69,0,0,0,0
7D87123EF025F4B3A92359C10CBD8039,,11,0,0,0,0
E9DE33F197EC82071E63E289323369CA,,2,0,0,0,0
72251EA3E20EFF796D22FC27740E533F,,177,3,0,0,0
5194FBFDE04D7689AF2B1DB5C5EBF970,,82,5,0,0,0
4A95EA257AEE9F06F8827F899CF9948B,(direct),119,0,0,0,0
925CCAABF0A2EF864D36F9167BC40627,,49,0,0,0,0
4165988A593F51E6AD19B52A8FA0B980,(direct),10,0,0,0,0
79CBBAD72D7C329C02DB68E6B652D0C6,,2,0,0,0,0
F8D02828AA1A4E28F9612CB41DB8BC16,(direct),301,2,0,0,0
EE2010FFDAF663BCC722160AB9954A1E,,976,2,4,0,0
2B6D0DB9D76C581ACB986BBE2408220C,,511,3,0,0,0
D0D476CA1660A598CBF9E0B6946E031D,(direct),16,0,0,0,0
4444B14309355CB56DC2D6AE75FCCA31,,41,0,0,0,0
1AAA1DF04F833632645A01D5B1C282CA,(direct),4,0,0,0,0
0CCC9C71BC84C8B2503B9EE93191D263,(direct),202,1,1,0,0
45FB547C5857493104687C234EDCDE37,,644,3,0,0,0
D27DC40C8987743C4BAEFC5C7EDA0B95,,63,0,0,0,0
C7FE9CCE94D88A610CDB2C53D3004AF0,(direct),199,0,0,0,0
56A069E37C273BE2092ADEB0D527D9B3,,455,0,0,0,0
99C532E3C3875B528AFF60A995C8197D,(direct),289,0,0,0,0
AC9D89E3BDB817820038E7F90473DC92,(direct),20,0,0,0,0
AE5C3CFC7F5F1225DC2E5190DF8CE3E6,(direct),7,0,0,0,0
F3B0F2F150A1D91E15BB07FACD1EFC89,(direct),7,0,0,0,0
945743E3AC497529EFF0081BC6FC0931,(direct),13,0,0,0,0
D2AD0448EFF5028698BB4FE8E22256EA,(direct),32,0,0,0,0
4AFCE82C68EC1079768CD81CB4C0ECD7,(direct),4,0,0,0,0
60A3916742CA1FC50BB2207A92867884,,77,0,0,0,0
DEF2530E2AF38393F24B8BFBCE9F6A03,,112,0,0,0,0
726BA01832DAB48A88C4D0C7CA988157,(direct),37,0,0,0,0
C49CCEF7153CC689399E7BFFF3AE2A73,,171,1,0,0,0
0B5947E4A35A4F1F66B88E13582340A7,(direct),63,0,0,0,0
79160F258A556C1D96787AAB1CE8B1F4,(direct),10,0,0,0,0
17525F1BE9060CC23A8D0A2CC76C439C,(direct),4,0,0,0,0
5203ECFB3629867CE18B271452D7F8E5,(direct),30,0,0,15,0
387B64EA9F8B83E07953A02DC16C4B64,(direct),6,0,0,0,0
AF2B2CA944080F72C71FF77726D8BC44,(direct),19,1,0,0,0
4CB2982D99040F4A2FA067BC30657D61,(direct),17,0,0,0,0
4AC1820942CC72FF85385F56327C8F3F,(direct),9,0,0,0,0
CD8DC6D99DF0DF0658BF0A1D57F2FCAB,,82,0,0,0,0
48EA1B5A51811D700199781B10C48121,,46,0,0,0,0
590DF903B5DE58590E109754EDB79809,(direct),124,0,0,0,0
D814BCE5D1372727FD80A91AF3A1ACEB,(direct),7,0,0,0,0
5050A23C57CDD81051C3B1D54D545334,(direct),9,0,0,0,0
348089CEE6BCF7C754709C6D4F7590FB,,88,0,0,0,0
8A191E0C1E499B5F76701438E697EAC7,,60,0,0,0,0
D070996B417D3DD0E6429A11FA4C5AB1,(direct),158,0,0,10,0
D9B4EC35EBBA4C2F9198A3AA08C4ADE3,(direct),103,1,0,0,0
04C1B862AFA39703243166C625EBBD40,,256,0,2,0,0
0F02E20DC63E83CF1653ED9ADCDAFF68,(direct),18,0,0,0,0
12C60B55FAED4052AB2825241E7770DE,,64,2,0,0,0
824D686213A09439DBCCC406B0739558,(direct),35,0,0,0,0
46CD1BC25288939026C6A0107240C77C,(direct),26,0,0,0,0
FEC7A3B513FEFC162942BC23468AAFEC,,242,0,0,0,0
7A70E6F261CE349D5E9EE5DDFAAB0EAD,,53,0,0,0,0
6E6F601F343765392127DF415599B125,(direct),106,0,0,0,0
E4845D0C7B061876685E91DFDEA57D6B,(direct),123,0,0,0,0
A98E72E7110470331C8EDB822E9A1D8D,,79,1,0,21,0
C0BA42625E9D2E1545FDF87378253DAE,(direct),49,0,0,0,0
CBF1346AFEAB76D0320D31C5CA490C34,(direct),22,0,0,0,0
99726E3B7261884BA5059BC19C9B9CFC,(direct),12,0,0,0,0
1E346BDCF36C730D076D6744ACFC439D,(direct),5,0,0,0,0
F6DE37BAB97D86D675F25158891D385C,(direct),7,0,0,0,0
5D6B4AB50BDAA0837F64B96CF6CDD601,(direct),55,0,0,0,0
E846EDC289792A14A18D16A50F50DBCA,(direct),4,0,0,0,0
7A3A20ED131AB674321A955B40644B7A,(direct),5,0,0,0,0
33443052ABE335E361BACA959B64F9D4,(direct),51,2,0,0,0
9690B6E46BD58A8B118514973F0B57D0,(direct),122,0,0,0,0
1BC92220D3CB5345F4E46D35D14D5FC8,,3,0,0,0,0
EAED910DB082A91645E89F7B0970B129,(direct),55,0,0,21,0
835765A97BEE13977198CB622AB23A8E,,4,0,0,0,0
9894A8E49D7C8BC6785166F15F380FE1,(direct),29,0,0,0,0
4A54D2FCB3C88FA8AEB83370B9959366,(direct),50,1,0,0,0
667E5135A25E1DDBEF9F65ECAB6DA3B1,,16,0,0,0,0
AD587C247A8FAB863F94BC683E6D0371,,6,0,0,0,0
411E2E77A63C8896D477258761988C66,(direct),4,0,0,0,0
948F3BFCC25E62DB748373AB4EB8A12B,(direct),70,0,1,11,0
7F665CAECEC63F45013C99D81EC447CB,(direct),18,0,0,0,0
54DD21E254CE909B54CE9BEE7C69CBC1,,49,0,0,0,0
3110D3E24EC1267362D1A1F380F8C528,(direct),3,0,0,0,0
D52AC9F2B6477D1CDBE5E32F96497937,(direct),262,8,0,0,0
9828CB3573D3C40D63500CB1F9461C1F,,129,2,0,0,0
9FF3330617722CBCB12644B02BFC5EF5,(direct),137,0,0,0,0
000A8B9167F5F9B7BF620708D320E32F,(direct),41,3,0,5,0
ECADFA71FE3294E3B0CD6ADF542A4A06,(direct),154,0,0,0,0
2E934EACBB472227E07E6D17B9EC55A0,,171,0,0,0,0
78CADEAF2A3C6D8B3B7A5CF8BE63752A,(direct),337,1,0,0,0
C5D3E8CBDDB09A397F8E6A626106FBC5,(direct),34,0,0,0,0
7111DE02896BEAD523646A9D80ABD049,(direct),17,0,0,0,0
28BAFBF9921B80B84EF45326F2CF9746,(direct),6,0,0,0,0
091388C56320BAD849DFECDA01605D32,(direct),8,0,0,0,0
DC8912881CD30A0D8D5E2EB666D22901,(direct),30,0,0,0,0
1D280312674EF22428D1994F6383BF66,,60,0,0,0,0
A55D4E8EC90FF07D0489BD37D4AEE69D,(direct),42,0,0,0,0
C2C42CBED98C71A25E61D7CC79CC0143,(direct),98,0,0,0,0
E526ACF628AB5E6316F9DAF12F7C45A1,,33,0,0,0,0
0C792683C05B6010A6C3BAB01B2765AE,(direct),7,0,0,0,0
0160EC4EE75522ACCC890FFE836C8D8F,(direct),6,0,0,0,0
76EFCC5393F879C2163589E0108D5BC3,,36,0,0,0,0
129FC7D41212A6C1F5633C385C3900C8,,60,0,0,0,0
E3DEEF5987668C1546A012FEDA321ADC,,80,2,0,0,0
310228A29216613C01B08D8B37AA21E1,,704,5,0,0,0
192440EC48EB5C30C261D16F03D7D229,,308,0,0,0,0
23492C247323295946E3B51C8BA56D89,(direct),49,2,0,0,0
C8DC7E5DCC6A705EE7201AEB725A523B,(direct),147,0,0,0,0
17A6B18F52178D4C258DEDC5CDB93F3E,(direct),580,0,0,0,0
99350B2A1888DEF7EE39DFBF05CF1B5D,,149,0,0,0,0
E1CA3A181B0EBFCF0E8DA26EBEF7DFC6,(direct),44,0,0,0,0
B0B5FFB7FD2BC3637AA7F70832957458,(direct),6,0,0,0,0
D514BD931235C2F4E3204772D4C2E47C,,16,0,0,0,0
7DC72A0249398C477779B804F1EA3454,(direct),197,0,0,0,0
A6E7F3C2692459390F24A912B447B433,(direct),4,0,0,0,0
99102A5913030C7A0191F37F71BD00BC,(direct),59,0,0,0,0
E67E5D7AF8E668290F7BAEBE7A7683B7,(direct),83,0,0,4,0
3388DE6E3D04F8EAA7804B955C96EC65,(direct),2,0,0,0,0
5F99FAB2A6750F6391E248AF619389AA,,24,0,0,0,0
08523B9E65D032040F7380EF8EF400D2,,60,0,0,0,0
7C043A9A326B396E87DD9E194A826424,,19,0,0,0,0
33EA483B9652B49782CDB92710831EE4,,297,1,0,21,0
231CCC7B216C416372D3E221B518F600,(direct),35,0,0,0,0
F74D98A3BB722F16D0E8D7434A4E0720,(direct),615,1,0,0,0
BFF00C0BEDC08F406D999413584797D5,(direct),137,0,0,0,0
1E37BA808C4C864558FBF1C76775BC59,(direct),625,0,5,21,0
D49B24FA9F7D4D482074FCE5E0469C55,(direct),51,0,0,0,0
B234DE95E7BA43F7D422B2A2ED211629,(direct),106,0,0,0,0
22744902811A4056F2B1111F11541818,(direct),868,0,0,0,0
BC575A719C37E1C2237B79FE7FD3F7E1,,88,2,0,0,0
23506606AE64E9C81EE4850A3FBE7703,(direct),185,1,0,0,0
795BD0A5C9F63554D97DDAC0B7F116A0,(direct),257,0,0,0,0
A1102C7F5C64168869AD4E83CD9EB9EB,,22,2,0,2,0
120D7A9BB53B6C78731CA0C4B5D90C86,(direct),8,0,0,0,0
9A5342B26D946B50B938A489F720C596,,45,0,0,0,0
FD9223BA1689E43F814C545A5FEBA7F4,(direct),227,0,1,0,0
B1DA33F4B75CBA4F8121EC45E13608C2,(direct),28,0,0,0,0
95283BA663F6537D1AB0A6FB43E4950A,(direct),33,0,0,0,0
B179C315ED033642C37F45179C9E0B13,(direct),696,2,0,21,0
CB3247B1C1CDA46A0F086191DB3FF5B2,,915,43,0,0,0
0E81216D87D16AF0DF655553ED8BB456,(direct),38,2,0,0,0
C63823EADC246DD7B610933FF5854022,(direct),7,0,0,0,0
5D84066876D8650792B2DB37277D67C0,(direct),585,4,0,0,0
3883FF0DFAB40ECD4EA781FC0D1CE18A,,614,22,0,0,0
E659018965C45C6546EAC732D07DABB3,,834,6,0,0,0
46620EE6C67C1DA11E2DB5D63DFC518A,(direct),58,0,0,0,0
A3C135B7380511F4BD6BD82D88E72C74,,26,1,0,0,0
D6CC18354DA88C5DF912FBF20422ECBA,(direct),21,1,0,0,0
19D4999CAA44D4877A481001A486DFF0,(direct),41,0,0,0,0
8530BA1E10784C7FC80A8BD7C821845E,(direct),4,0,0,0,0
33ECD3B4663C882E99EA9D2276322D20,,4,0,0,0,0
EC51C9E063BA20CC1A6F954E9C963EAE,(direct),359,1,0,0,0
FC0E10ED9037CA6C75458E20AB85F350,(direct),12,0,0,0,0
786AAA96746C4084190340D4B8C4710E,(direct),10,0,0,0,0
EC7F54960F789EB130267F9A3F247BB1,(direct),9,0,0,0,0
34587F7996F20BE4CC7DDEB96753D110,(direct),114,4,0,0,0
09FF3AA4F3FE00E7FC084395C4615EA6,(direct),21,0,0,0,0
27D0B01EBF8B78EA0B61171428EFD542,,20,1,0,5,0
2C7A0851C697F03694BF4364695CA6C0,(direct),8,0,0,0,0
EA60D1DFDD9E06777E874E280C6417CC,,62,0,0,0,0
2357128F5A877DECB2C8FCFA8101884B,(direct),20,0,0,0,0
28778DE05FE8E9B32044B749FCDDB70D,(direct),24,0,0,0,0
B6583219D50D4B342A797369873FE31C,(direct),21,1,0,0,0
2183FBF69049963AF568954027E6520D,(direct),20,0,0,0,0
15CD7FD75B0E6F422912F0CBC8123AD1,(direct),70,0,0,0,0
3C8C2110DC4556D3E28568CA68172047,(direct),5,0,0,0,0
B95C964E99676BF2AAE4DF554CBCC806,(direct),2,0,0,0,0
139C75296C846C004181A2A4A80C13C2,,126,0,2,21,0
67820F8EAA8087726BD8BD7AB488FA8F,,147,5,0,0,0
16D62BD70AF92911C18DCC5685F1B712,(direct),75,2,0,15,0
08F14F3BCA030F81B447161BA8653B44,,422,0,0,0,0
6EE3CB7D6C073894B49F1AF081758A2E,,1541,12,0,0,0
7CBF44EFDDB9E6401F31786BEE071196,,660,0,0,0,0
6344D6DD4B7741E868D17A8CC19E03C8,,200,0,0,0,0
1814CCF8B0BD30480C6D375743010FAE,,621,1,5,0,0
8BF7E118BDC4D008D6B28FCCEDC38083,(direct),112,0,0,0,0
09F08BC9ABD1D8E3DC00A6C5EF24B67C,,119,0,0,0,0
8D486EFDDB5C76031C3110CE58772B8E,(direct),157,0,0,0,0
1A3C9B890548F1BCE865FC5422E08672,(direct),508,3,1,0,0
E510BBD42F7812869C5A623173026664,,86,0,0,0,0
F4F5EE3E3EBE823045849FA3527AB311,(direct),8,0,0,0,0
EDEE5D36FFDB5499FA818B8935A5F534,(direct),20,0,0,0,0
8506CEE714B37E9AE74254E7BC94B3BA,,4,0,0,0,0
8FB9723ED7B61147F30FFA1310089F09,(direct),1015,7,0,0,0
781405154C3F34047F665481F52ABA06,,36,3,0,0,0
B1A46F0467C18F539094677527CB116F,(direct),122,0,0,0,0
634B3813E8B995FDF71F82F63C74775E,,45,0,0,0,0
3D01D6221D54D40DC42C3D6FBCCEC926,,710,0,0,0,0
A663E84EF7EC8534ABD2E99664E61BEC,(direct),28,0,0,0,0
4A47A98F4565C38DBABBE20B803D7FFB,,489,1,2,0,0
4A81FE8E75C780C97EEE73A7574F0B4F,(direct),47,0,0,0,0
657E8EB68545E75A6EAD9B6A11C2E773,,124,0,0,0,0
8AB276B80B01A635BA7EF9C2071C0231,,156,7,0,0,0
D7886E6A673D1983F11614C0A2B8D489,,2,0,0,0,0
28AEB934872EB727F66ED2FC4789816E,(direct),41,0,0,0,0
65736141DB8367BFC7F686D4C6B28634,,176,0,0,0,0
7E7795F50367CF4CCB55C57190F07860,,2,0,0,0,0
56AB5AA26CE53AB27D81C65372B450F5,(direct),14,0,0,0,0
5A7EB17BF7D867AADECA2FDAF0941E88,(direct),77,1,0,1,0
9B18A1CBA96D52D05CFA7CB7C9011EDE,,1303,9,0,0,0
86E45B2CCB8059F864AFBDED538CCA18,,4,0,0,0,0
6AE4C2E59BEAD8C97D0CE344CA7A1AE5,(direct),63,0,0,0,0
735D0773BF0193D26BA48A56D1C69CAB,,191,0,0,0,0
D03DB5B7CD510FC8309C5681588A7C8B,(direct),503,1,0,0,0
58A8D09A7936F0D53FBD1E478BF23320,(direct),175,0,0,0,0
2500D631A3882096CFBE33B0EFBE08FE,(direct),135,1,0,0,0
BF9784C48214E598B8F045ED9FD012FA,(direct),3,0,0,0,0
B6E6FA98F04FE22CC272DB5183B48763,,361,0,0,0,0
237BAC7422166D00F55077B9DD48A6D7,,60,0,0,0,0
F5B3C520B6C16AEF201A60393DD5AE91,(direct),57,0,0,21,0
708EC500ED27377CB738C8005AE4E34E,,19,0,0,0,0
4AE8800A9C41B2CE0D888693C5D1F85C,(direct),3,0,0,0,0
27AABF18BF07DE5DCACA40BDAFCD21E1,,1173,0,0,0,0
15053E5279446996BC23A396E0FDD142,(direct),23,0,0,0,0
33EE200629C0F5409E179BCB40630135,(direct),65,0,0,0,0
0DCE6FFE19479064EBF8EAAAE9DE2DD5,(direct),33,1,0,0,0
A5578B0E3870754C96A0090E496D70B7,(direct),1,0,0,0,0
BD450210EBCD1142091135F9A3C1FB47,(direct),32,0,0,0,0
C2F7F06C679A76231BB7D773A037534B,(direct),51,3,0,1,0
476409D7DFD0B2B2B0AB11E5F6D7DDBE,,279,3,0,0,0
171D51E3C6C81C7DD14E5AEC9A37FFC2,(direct),5,0,0,0,0
0C8AD0A7FD2A85B9241EE4D64ACC9395,(direct),17,0,0,0,0
DE346CDD4A6F13969F749EA8047F282A,,5,0,0,0,0
18688C841952131D9A6A01B81C8F65F3,(direct),180,1,0,0,0
2F7CDBC4F07C87E04A1F12F2BDFD132E,,24,0,0,0,0
FB581F2AC74E08CD38CCAAA9A99F0217,,2,0,0,0,0
09CAEE95CE99F27D00EA630EEDBCECA2,,74,0,0,0,0
3A1B5A55C33A7EF1A37C909A753606B8,,854,3,0,0,0
D954B34820AEE0E5334D574388D37E1B,,11,0,0,0,0
2B5D7D51F2F3BCC0B01B60FF5E37A255,,31,0,0,0,0
B1D1ED35873581A23E48C4CD03DDFF81,(direct),138,6,0,0,0
827848D9C0FD18D44110098CEC982CDE,(direct),115,2,0,0,0
9F61F3B36299C77519005F1B90A90108,(direct),127,0,0,0,0
B05B44F98AC43EA887A1B78C3552A927,,407,0,0,0,0
5FFBFE051291F79717B99F5D72B02CDC,,498,5,0,0,0
171871CA6AF9A891FB7B3E19CD144B2E,(direct),303,0,7,0,0
8E8745CADF1ACC6EE7AADA7A8B8DF1E4,(direct),9,0,0,0,0
E9207EE8B04E28F7764A07B9428B0F88,(direct),55,0,0,0,0
E84BFE62196E059C66D049BA9A14061C,,396,0,0,0,0
AD4F00389084ECC4B5362689C228EB0F,,193,0,0,0,0
47A3ACCCFB629C52C44277177265496C,(direct),10,0,0,0,0
D556B9114C77ABE46882A4C834307A53,,59,0,0,0,0
78161BB39BB13189ED9A6838A9AE45DE,(direct),56,0,0,0,0
C96D2A670F71BA658A54A12134EDF4D1,(direct),38,0,0,0,0
DB96F991CEBF843652230B0F802424FA,(direct),225,2,0,0,0
A677442E9D284590F976180D77E3DE84,(direct),23,0,0,0,0
DBAA5E206382E89FAA956A2D927DBC94,(direct),84,1,0,0,0
019016F377FEFB43E822470C38EC7FD2,(direct),47,0,0,0,0
AAE4BD48C1A97F26FA131E549BD9D745,,25,0,0,0,0
D737AD5C76E9F3DF96F37C777665E41C,,58,0,0,0,0
7044614F875488188598249691A84988,,5,0,0,0,0
174ABEE7AEF7BEC36BB5F34B1A69B2E7,(direct),11,0,0,0,0
98DAE39C81EE21654D2AB4D4DE822B03,(direct),25,0,0,0,0
3E056B27F7B82865BA29F42CF4262696,,119,0,0,0,0
B909E553481A3C9AD11258FBF6200D66,(direct),105,4,0,0,0
4C5C048C8BF8204B5C700B18D9A2327B,(direct),77,0,0,0,0
E3D1E6B43BC33CBC68E0446B9F5187D5,(direct),12,0,0,0,0
A70504A67EE34DD45EF82BFF86E9F94D,,101,0,0,0,0
CEF3AC7B61219F2A262D28A942BABABA,,73,0,0,0,0
189090032544C8B0BCF7E009A7F6C826,(direct),71,0,0,0,0
190B0A8DA774DEA226A94BD25734CAFD,(direct),15,0,0,0,0
303DAFAEE0EC0AD56EFFAAF1FEBCC3CE,(direct),11,0,0,0,0
BC6503564939EA61982B7111F9051C50,(direct),431,1,3,21,0
F6B971515AE60B8F8554487DEF254C29,(direct),6,0,0,0,0
528939A93F1D3693AD8A56F340B7D777,(direct),97,3,0,0,0
C02F39C65F36DC7B1877254BE3888EE1,(direct),57,3,0,5,0
355F39E8E6CC25F99FF88F4AB9426978,(direct),4,0,0,0,0
82F141D1C5A86CB8F5F4DFC7E09E5513,(direct),62,1,0,0,0
FE5DCCE817A179E9E89DECF8406E4D97,(direct),30,0,0,0,0
A14518C766440EB6F1E2F2105CDE37F9,,316,0,0,0,0
DAD2E26F6C0E4C6631490AC31BF2DBC8,(direct),74,0,0,0,0
DB8E1187DDC1B1EA10231A3F0739CCC6,(direct),92,0,0,0,0
EB13681C01E1B7DF8FD0D4EE29A155F2,(direct),115,0,0,0,0
3F99834225910D961F9DDEF4F2544260,(direct),8,0,0,0,0
F9D11CF4FB7EEF700D4B71A641E4EFA3,(direct),231,3,0,0,0
8C1CB07E72786B08197308216F1A43B4,(direct),33,0,0,0,0
E42066B3F588F26AE64518AA41805F62,(direct),49,0,0,0,0
373016F8F89C087DC8C89E06B362AD1A,(direct),186,7,0,0,0
AF4B8330C3684466EDA299756EA2F041,(direct),602,0,0,0,0
DCC42D1B7A3989D67798E54B05CD385D,(direct),49,0,0,0,0
BB752D348C185313C5411520671D1FB4,(direct),7,0,0,0,0
17878D984E2ECAF7EA975FBB25470772,(direct),78,0,0,0,0
F7C26C99D64FCE9BC900822234927579,,75,0,2,6,0
88478B5E63460760FD82D385A6B59A8E,(direct),5,0,0,0,0
053914EB0DA99A613D6AF0E92FCA9940,(direct),9,0,0,0,0
EA2466D99A238BA678E4DAAC7E87EBBD,,94,9,0,0,0
6D6DFE56F10EFA7F2D6395C4C3FEEE72,(direct),24,0,0,0,0
E60C69A0137DC94933335C299D122033,,160,0,0,0,0
8CBFDA4428A53E59D04C883360BE7306,,16,0,0,0,0
F56F4937968C86D08AB62ECF80874854,,5,0,0,0,0
35DE008317AB2760503976FA63F51B61,(direct),448,8,0,0,0
CE24B98FDB40DFD8FA769844135C2852,,118,0,0,0,0
93CE02A528E41C078FDB04857CCDA48C,,346,0,0,21,0
DF5C34803AAA38977875A3941A2997D1,(direct),43,0,0,0,0
56C10130EA747C2E253454AAAF209FBB,(direct),5,0,0,0,0
F81A7FACD9640F8169D8DE2E27D217E6,,590,0,0,0,0
30138B542CDF56A289C3B3059EC03D5E,(direct),16,0,0,0,0
19856982238BAE6AF8C9AEBFE3D77A48,,6,0,0,0,0
79EA5E5E8B71D2108657A0EAF9526C37,(direct),1,0,0,0,0
33EA15FAF247CEAE5A07F39235D334EF,(direct),23,0,0,0,0
B9C60CCF00E26F2D1937AE7EC0DCEC31,(direct),106,6,0,4,0
053FFBAB6879C1E7E1915E40C191F61D,,286,1,0,0,0
E5B46EF4557F636F947C8F3398E68551,,59,1,0,0,0
2F5597A6236A6167CE29E31A6EC12A5F,,208,0,0,21,0
48C375B3FA9960A884092B56312793A7,(direct),265,0,0,0,0
137944D29FEB9F2C96187C5F6604F5DB,(direct),105,0,0,21,0
525D2BA85EFE112B955CD3B19909E059,,275,1,0,0,0
C1B1A57BFD7A3176CB7C587FF29653C6,(direct),428,23,0,0,0
E4F96C2B9E7D86FB0F0F14F52755933D,(direct),213,2,0,0,0
717636DB6BB28A28CD06680B18ACE076,(direct),5,0,0,0,0
38C2C9FC38AC2F424C8D519FE7BF988B,(direct),17,1,0,0,0
27059FB4D5533270601FC8EDC9F82AB8,(direct),208,1,0,0,0
A454FA77DB3D39EA257AF76D50E1980F,(direct),11,0,0,0,0
0FB42D5FFB79A9DE147873753BF7A664,(direct),5,0,0,0,0
9D8D05C9B86D9707717BFA22CB0924FC,(direct),7,0,0,0,0
8FD6ED0CD6258782D10996A087AB9D66,,20,0,0,0,0
E4BF85A205823565487EC61CC754D490,,7,0,0,0,0
B19501509EADDDB42342340A93E2BAAB,(direct),798,0,0,0,0
39FC9EE932D065CA4145C5DEE27FA699,(direct),33,0,0,0,0
EB99C89019A942D2EB163306B7EC89EB,(direct),263,6,0,1,0
8D0E7EBF4DB95170907FDF54CCB166C8,(direct),139,2,0,2,0
F7E62C26710316F40D421BB5904C9407,,5,0,0,0,0
B031972D09407ADA6FA8382D06AC6E17,,102,0,0,0,0
25E9B7A675E4418C6E5BDDBEB4F21D7D,(direct),48,0,0,21,0
C6A7944A89B197BA37F78AC11FFCF44F,,130,0,0,0,0
C88E70EF1AB1141A5C38B80C7A709BA3,,23,1,0,1,0
B523FFC1C3F60205748C136FBDFF54BD,(direct),34,0,0,0,0
7C6162BBF1B3987FDF3FF078FE6035B5,,4,0,0,0,0
AEBA9BC15B6A68226944455204FB84F1,,350,0,0,0,0
F8B95AE4A257A86F7E55E7C80935A4E2,(direct),30,0,0,0,0
E0EDC4F06D823832B65151832F98D679,,390,3,0,0,0
0D849F232D5703CAAD8AB03F0FD78243,(direct),4,0,0,0,0
8B4BDB8B8E64F8C098E49C96B75F9302,(direct),10,0,0,0,0
96B6D639BF5D2D99108B15A023F86CE0,(direct),262,1,0,0,0
D6805D6DBC696E9A33451DFDC412EEBF,(direct),1,0,0,0,0
FB629A58366521D55498F45606F8CA84,(direct),14,0,0,0,0
EC3BAA23738340386BBAD8114221E1D7,(direct),13,0,0,0,0
CB5B845B01EF1C4D58492EF76895A782,(direct),35,1,0,0,0
16BFDFB46D648521C99ECB0AB1D919A4,(direct),9,0,0,0,0
4C8DDCE9EC914EA21FBFF27A069D5E71,,98,0,0,0,0
9B7280F969D2C28482C07B24BD405529,(direct),94,1,0,0,0
3D9CD866FA73F2327C3B63DF16A477D9,,839,1,0,0,0
CB4A2EA8C5ADE49FFC648DF400CBBF8A,(direct),3,0,0,0,0
5183D09161B7487FB9AF85B311450E94,(direct),2,0,0,0,0
4CA59854D12A61B673D5498111BBAE99,,56,1,0,0,0
570C8B0E5F1886E749BEF3949354D1A0,,3,0,0,0,0
8EC570B139B21E7F732BDDE2FABF2B04,(direct),336,2,0,21,0
99D8DA7079137136424753D7B3DAAE01,(direct),9,0,0,0,0
4FF4247F9374E55182AC6DF97556C161,,204,3,0,0,0
1EC742C43B8616FAA9FFACED52B88095,,84,0,0,0,0
BF42A2AB482FBF15B10B48CD50B857AC,(direct),12,0,0,0,0
8FC196E4C1D45A3383F2D18FE260C739,,15,0,0,0,0
EEB45C2B237FF64926D08B89E1D9FA37,,4,0,0,0,0
A4FB4E20F1726B15A57A1AA1633BC77A,(direct),153,0,0,3,0
809701D70F9A32FE8DB2F6E5D0530C10,(direct),48,0,0,0,0
76632219C629CAC04FA90E22A4F2AE64,(direct),33,0,0,0,0
C08FA7B37167EDDCDDBA175E35FF4DD9,(direct),10,0,0,0,0
335156392A0F885ACF5A91CE029E159D,(direct),32,0,0,0,0
BD2A511409EB3EBC45D4CEB4F876ED49,(direct),1393,0,0,0,0
7D8289195211A97A91C96AEF728E9238,,13,0,0,0,0
E515909D096AFF6A5E06A2EDCD9FCA22,(direct),4,0,0,0,0
49D9F34F22480512FE5B725D46D2B216,,154,1,0,0,0
45DDBDCB91943B65C9B84920C0B3BE66,(direct),19,0,0,0,0
6FAF26440D250AD0214499DDF954E7A8,,39,0,0,0,0
F569EE6651363E581944BD51AAF69CE7,,62,1,0,0,0
832D2F8CC8C77F62E309FE25965DFC6A,(direct),255,5,0,2,0
63DCAACED237EC5985A07B781643D6F0,(direct),12,0,0,0,0
E78E7A32A92C889347147EDCCE4867BE,,7,0,0,0,0
85BA81CA205F8D8F786495ED93FE3F92,,39,0,0,0,0
A153C00220FEE4D83DF879F7D5A6CB07,,184,0,0,0,0
CD28ADCE6DED1ECBEDBD819AF610A5B4,(direct),32,1,0,0,0
0E4DA497F21D37D7000DEFDC78BC5834,(direct),32,0,0,0,0
DB6EA53027EF973B908E170B76755C2D,,47,0,0,0,0
F0B196A54C40CDF64768F4266EA4B9AC,(direct),57,0,0,0,0
E2A653542E03CF823E7F19FE9CD209AC,,12,0,0,0,0
8BDEAAD9B5CC59CE05A905CC9CF12E4D,(direct),18,0,0,0,0
BCF05B5851AFA0BF97611B6E338E1C5B,,50,1,0,0,0
CD4BA2C39BD29CCD0EAD9ACF7F788D5B,,164,9,0,0,0
40972A87661D837BA8B80C3EF122FDD9,(direct),63,0,0,0,0
1A6F117EC48594AA7A7B3A42A605415A,,56,0,0,0,0
050F7A9A1AD99B845D14637BC7174A2A,,3,0,0,0,0
39387BD8EF01916D4197E7E2A9A9FD22,,3,0,0,0,0
7FD3B52661B5030E97AA98C6449BA790,,676,4,1,0,0
B8FE9AD137A133A89389656F7989B36C,(direct),163,2,0,0,0
CE56946091344ADC2D0AB88D49B83ED1,,1099,4,4,0,0
DE39C2A4BA199C8845AC0932C2DA31BB,(direct),88,0,0,0,0
D0423DA4E2ED084FAB0420235905F534,,54,0,0,0,0
FFD44153572065E379B7E96916F730B8,,41,1,0,0,0
F27F046DF960AB50CE65B9F4364C981E,(direct),1031,0,2,21,0
51E3AEBCB31617B0A5EC1A48877E9A70,,66,0,0,0,0
62440E2EC0A24E9FB2CF09E230FFDEC4,(direct),41,0,0,0,0
96B108514A10609B9E8F4F78B47B6776,(direct),16,1,0,0,0
AA22BB2C4E3042B8C3B85D373A252BBC,(direct),240,0,0,0,0
49E983E1361F11F5205CDA4289B71003,,20,1,0,0,0
5256B2B115955E80DDB7449775D92325,,567,1,8,0,0
7537C0AA6291AC7B99DC4D2D695EEF1D,,889,2,0,0,0
8BE7BF90C971453A34C1FF6FF2A0ACAE,,4726,105,0,0,0
2C84CF723999D48F8F069AFFC184C4DC,(direct),2421,38,1,0,0
BC0F2A2F3EDEE4CE7381D5515421AC80,(direct),22,0,0,0,0
2E9E7E0B300EFA3D4E73EA686E0EEB58,,64,0,0,0,0
7F59CF521FECD25BB213D5EF203A7EE0,,138,0,0,0,0
90EF405F5D9151A5DE83569BB7E7126C,(direct),53,0,0,0,0
2B810EF175EB01E7F0D54AB1EA39AE8E,,43,0,0,0,0
84690B86D5DA141638BAC264173308B2,(direct),238,4,0,21,0
31CF96A962EC91A6DD263E1DBE3E0BA2,(direct),41,0,0,0,0
82EC0357F7A97115EB30AFC798B49EFA,,55,0,0,0,0
B24B8B30B5849E3E9AB68263BD1A66EF,,24,0,0,0,0
BB6882241BB572C3AF3E198490C83981,,224,0,0,0,0
C63E044972BC46A8840F4CCB3174690B,,12,0,0,0,0
6CEC9D5959B1384E2D2B40E833EC98D9,(direct),2,0,0,0,0
B20C02973E73E90DA66C8F29A685AD0F,(direct),3,0,0,0,0
B029338EAE1C7387C65EB317D4A40370,,358,14,0,0,0
6CEF2DF8319798521F4139D3611BB32D,,280,0,6,0,0
87A95949D12E9C9263482FB202E791BD,(direct),555,14,0,0,0
3B1EC879875F9C6B1AAE0A09BE08FA7F,(direct),126,4,0,0,0
E0F1DC58BE9661A3DFD9C3228B179C29,,695,0,0,0,0
EC895C732092BA9A3CE9F507ED888726,,169,0,0,0,0
FF5829CCC9DCE80240E620D7D66C709B,(direct),4,0,0,0,0
9225A1F12C539431CD0217908688C4E2,(direct),8,0,0,0,0
86B2C983E54A5676FAB52B0DCE44A33D,(direct),58,1,0,0,0
D5F162E063EF1129BFE585FD4C4DCB17,(direct),189,13,0,0,0
DDBA0BF4F81311FF87A30D2DDE2171E6,(direct),260,2,0,0,0
162DCBBB07A1E42728E66853A66556B5,(direct),57,0,0,0,0
09352F4FD57960A1DDA0E0619A60D7EE,(direct),17,0,0,0,0
EC36E6167D2E25E6E4661EAEB5E5EEAB,(direct),14,0,0,0,0
C647FB7C5C6F9EA2F18A78E1AB30B272,(direct),25,0,0,0,0
75C683C1AE98FC6CCE6EA156C9E90A35,(direct),78,2,0,0,0
E2372AFD5CBA85F1395201FB687AEC46,,661,1,0,0,0
5DF3A5A1AF28F03AE1622D1F7537C31A,,76,1,0,0,0
4193343164266373A13B35D5D04053E2,(direct),888,0,0,14,0
3A7553A2D2981A4331D5E0B3B558B18A,(direct),14,1,0,0,0
C74B58C4CD2770A1E97D6DC13D42CCAC,(direct),1705,87,0,6,0
4D1DFFA5A6570E90D83878ED0021478B,,491,0,0,0,0
83FB7D43B1E7E7F56B667667163A746A,,68,2,0,0,0
7E438E53A94A9E6EA6531E272C86F512,(direct),263,1,1,0,0
D8A3FB65349D7DC9D73D39B1E473782F,(direct),16,0,0,0,0
61F5B317AB1EF10E3C7E68C930A1018C,,1462,4,2,0,0
0A7AAC29C353686D279F1752D120A53F,(direct),191,2,0,0,0
4DD9ECDFBC9BDF634A16A484F6094197,,24,1,0,4,0
B4653EE7AA5AB38E47F66AAE2F708BD9,,355,0,0,0,0
8601A3659DC5C1F0444E5CCDA5ED3E14,(direct),1634,35,0,0,0
578C775FCD41BBF6A7028836090EF1D0,(direct),56,4,0,0,0
50C0AAC23307E008A37574D40D607CCD,(direct),202,2,0,0,0
B387B36566DF2FE92CF39DB35ADEE9F8,(direct),3,0,0,0,0
8E8FC0ABAB4F236EB8A332436DD4ADED,(direct),42,2,0,0,0
48D0C822ACA6BD0B5FBA8ECD27CBB247,,160,1,0,0,0
AAECE8DA46F021A9CFE489ADF95DA078,,92,0,0,0,0
0232A0C6A31572DBA6D6CB0F2592ABCE,,764,0,0,0,0
E43D3AB2F9B9055C29373523FAF9DB9B,(direct),602,52,0,5,0
70E5A3222508AD3D70A72B60E4045DC5,,43,1,0,0,0
961CFF99C1C196A8DC7A7DEE93F44A4E,(direct),17,0,0,0,0
7DBEEB7A2488FE1FFC0808686AC09606,,90,8,0,0,0
A829171B86E4B3C3CD9191BED13833D6,(direct),253,0,0,0,0
F28C2C5AAE32E559874444F7F957B297,,2,0,0,0,0
C4E5C52AE26E9B3FB89B260C983DE73C,(direct),15,1,0,0,0
665B1505AECAE3569C2B0FED30223A3D,,395,0,0,0,0
0C0803BC7D87E45A797914F9DAACD364,(direct),378,0,0,0,0
E3766F65834BCE7AA781B3B641314E82,(direct),98,0,0,0,0
55F725AB1CC8281CDAC2FFEDC35423F4,(direct),50,6,0,0,0
BDCB9DF32FAD5A3701822466CDE6CD0A,(direct),42,0,0,0,0
023A2DB99CC3F70A4B71869C36952D74,(direct),140,3,0,0,0
07155715A8401C5ADEA813C579DD8A84,,19,1,0,0,0
7A7049EA3CC84AB4C498F4DF40003AE5,,395,1,0,0,0
869CD665A9D52E3398754C8DACF4426D,,162,0,0,0,0
39BE7CAB9B8602ABD10A1BFB4E66BBB2,(direct),496,0,6,10,0
6CFCBBED66545AEB9E9AF6E5CFB936FF,,438,0,0,0,0
C1BDCF7765C5EDD7643D476B84BD2B30,,628,45,0,0,0
7FF467ADB7DD9B349DBF297734F7EF01,,38,1,0,0,0
45227965B5D93C9D6C1968100F8B10B6,(direct),40,0,0,0,0
8FF233DF71B4385657149819D1EDD2B8,(direct),158,0,0,0,0
8DB8FE3605D453D5AD95C7FDA55C0342,(direct),30,0,0,0,0
F261321C96F58287FDE9A3252FDBCEC3,(direct),7,0,0,0,0
B4779BA343D997E8064B20F3A4098141,,27,1,0,0,0
B6DC4C7978DC1F68C292816EC5104E3E,,8,0,0,0,0
BD0294058EE600E9CD865CBBCB6647B5,(direct),72,0,0,7,0
FA944230F31FE2B6FB255BFC9679C0F8,,758,0,1,0,0
020A23B627EBD464F75A5362FEDA00C6,,10,0,0,0,0
F3B4B3CF9BBF02E8D6DAF5116FB12384,(direct),4,0,0,0,0
027806D19A2E8FC158705BF10ACED423,(direct),44,0,0,0,0
A0F1D068A8E7FA561AC7B4174DD5E2A5,(direct),659,0,0,0,0
4CCCF9BD14E8E98B8C9143A8B3FA43F9,,31,1,0,1,0
68B5D960072F6FE9F0A5E5E01695F332,(direct),423,9,0,21,0
FA60B153A546A3BB9FDD525B9C8993B2,(direct),19,0,0,0,0
B9ED3615FED0CEE0C395F4676E0759C3,(direct),119,0,0,21,0
1EBC6E050F13EC1E1CED5CE91A2757BF,(direct),72,0,0,0,0
C8E20454CE52ADC3197F86EAE910BD5C,(direct),93,0,0,0,0
3E5101BCD089218A0E026C6750673B33,(direct),120,5,0,0,0
59772415A60A0B7E16588D219D7B85F1,,60,0,0,21,0
6A2F4E7AB1816D2F6EC741BC92141766,,868,20,1,0,0
D4A45A0CA838C439F64D565450B9A7D6,,121,0,0,0,0
154287464C4F84AF86699BC92AA1DAB5,,598,1,6,0,0
FFB030A91BE1315EE25A6BA619E1D903,,616,0,0,0,1
57D0CBDE97C46B7A4BAEED7F33B82320,(direct),16,0,0,0,0
F16F649D01451C5D00937E39CA4B4944,(direct),56,1,0,0,0
3642BF3CC1A61A4E72BEB9B12A291E68,,5,0,0,0,0
BD12A3941DE7525CBEDFE0C620383F6C,,8,0,0,0,0
3DF5DB22E9690B9B18A0A23EF77FD197,(direct),27,0,0,0,0
11881642BDC63412AAC147C43AD763C2,,310,0,0,0,0
1D6E665E08FA59D135C68CD3E8B0A85B,(direct),98,0,0,0,0
9099AAA376C3F86DA1203D34C5110326,(direct),81,0,0,0,0
D58A4CBE8E4200F572CDABF8B8260A04,(direct),157,0,0,0,0
CABB19A642780994D8EC3CEDC967265F,(direct),48,0,0,0,0
635808C1DDFBC662DC3015097E26E62A,,1600,98,0,0,0
2FD36D4DBD27E9754B84E8322FF81415,,73,0,0,0,0
D5A644624E0D407445643D503F43B944,(direct),127,1,0,0,0
94D909038FC177D0047BA5ADA0812948,(direct),29,0,0,0,0
5290D00975C0552C32958AEF8D676029,(direct),654,0,0,0,0
B536C6A2E4C1FA031CB57C2E9B769F7A,(direct),7,0,0,0,0
5650DAE90041347FBDF416121636345F,(direct),1,0,0,0,0
429A9E9B10C4120ED981C3266AE16DF6,,56,3,0,0,0
1702F9DEA7AC59FFE21F48829E4A5D6C,(direct),13,0,0,0,0
BC4BF50150618EF80F3F62D886CF20B9,(direct),14,0,0,0,0
2E1CBCBC408A270FE9B39E79958C28FB,(direct),16,1,0,0,0
5EF1B18EE3587E6269B55471AC7022F4,(direct),1,0,0,0,0
937D215BDB6A9A3A2AD378DC9BBB23CB,(direct),23,0,0,0,0
F3C82C9DB04064BA7965BBBD95864189,(direct),1973,2,0,0,0
78CEA7AA04666D7924A253A4AA4C1F4C,(direct),89,1,1,21,0
EEA7994C33475920620AC49055AA96D8,,80,0,0,0,0
B50E2B0888440679A84A3D861332531C,,111,0,0,0,0
E0903988A406E75F53EFB44E862DB1EA,(direct),17,0,0,0,0
08362BC5AB07C0587FC4CDC22AD97252,,11,0,0,0,0
BAA42D2D94CD8312B6A7F08A576F6A8C,(direct),9,0,0,0,0
85549E512A7BB6B13BD956D427B86C74,,77,0,0,0,0
50F9ECC02D5198369DEC190502867F73,,7,0,0,0,0
7A2F2D5700419C320E18E9D366A2C6B7,(direct),36,0,0,0,0
A70F93732F53567BA590C193EF97579F,,131,0,0,0,0
46C73D31CCFF85FCD1DF343F8458FA10,(direct),192,6,0,3,0
A3E7A4F5F17B939815676C18FA71848F,,35,0,0,0,0
C01FF96A06BECB4B95FDB08F2FAD1FA9,,9,0,0,0,0
342C835CEA858EF92FA64D22B41FB031,(direct),184,1,0,0,0
25B3D1AFECED8B78DA6FAF65B71AF56E,,758,1,0,0,0
1FFEE889C95637FE2D229E04149BC23B,,729,2,0,0,0
249BF9FA78E4B6EA5D4397758317645E,,203,9,0,10,0
4C36BFA4815653041AECFAE3AC23F60B,,239,6,0,0,0
CB04A70ABA1698F2554492072C199E39,,78,0,0,0,0
D9563E61AC76501942B6B3B4EBA2BFE4,,210,0,0,0,0
FBF8A477CF09D5B499E8923A4D2A5102,,128,0,0,0,0
E83D14E125252A6E3AEB349FF07C7543,(direct),204,0,0,0,0
B9DF3733E51CA1BB9A845EE00B36D1FE,,475,17,0,0,0
0F7212FD0E3A6F91C5F7983CE9BB15CA,(direct),114,2,0,0,0
1CE19ED5366D09B6A3E9CCD4AA475B85,,336,17,0,0,0
2D23CD90AE51556D7B8FAD2C358D308A,(direct),5,0,0,0,0
8FE3582D9BA2520A7DBE106334280C58,(direct),39,0,0,0,0
8C988A305F1F269E13D776EF0E1576BC,(direct),46,0,0,0,0
7E4ADADD679E6009DCF88E49CDE4729A,,171,0,0,0,0
44DE25D7B9A474632A68C3533417A1CD,,220,0,0,0,0
52556201335DD5EB3D333F4065503C3C,,288,0,0,0,0
712240BA0F93717BDA01B4FA84CD3616,(direct),53,3,0,5,0
6A8DE529CDDEC5B0B170929B2444A588,,771,2,1,0,0
FDC1699ADEAB83576C842727BFC5E16B,(direct),4,0,0,0,0
4C0CC588FBBD915CE74EADBEE62B7CDD,(direct),60,0,0,0,0
4091F647A1B6367AC7945DA0917CDA7D,(direct),36,0,0,0,0
C7B4A196FEDE305ADF8ECAE47820A5C0,(direct),16,0,0,0,0
8F9D2E21E1B2D41941545BAD0182F182,,10,1,0,0,0
34D07A4D3025E6134B90E59384E5080D,(direct),42,0,0,0,0
54506E5CFFDC0AFD69A379427447BE95,(direct),73,0,0,0,0
D7987E1129FA0207F04061FF4700BC6E,(direct),65,0,0,0,0
C6F7DDDF431DB0C8BA773498AE41010B,,138,0,0,0,0
9D3DCEDA84FCB94FD92EDDA0DCE121C3,,49,0,0,0,0
6E824AF7F592793A79DAD4E66F66755C,,26,1,0,0,0
0EBFA4E65204368F8AAAE195C7D070DE,(direct),2,0,0,0,0
008B98FBBEAA0123D07AE8C7B589D91E,,51,0,0,0,0
A22203F592493C8C4E00D05C9FE26403,(direct),188,0,0,0,0
B4E7C450E25659D0193A97157D730CC5,(direct),49,1,0,0,0
8B9EB9AAC4899BF113B8498CBC3478BB,,50,0,0,0,0
F8F974AD2BDA35C626EA3B74FB21A243,,72,0,0,0,0
10E9895D671A377BE368B31F5A36D50E,,122,0,0,21,0
8FBA68B371BCD408B4E1CCD4A3ABE3D1,(direct),55,0,0,16,0
CE37961A20C06C1ACE22288FA9851B39,,389,0,0,0,0
F00520A971B304A0B45AF31AECC75826,(direct),28,0,0,0,0
490F592DDAB95F2590917ACA94B377C6,,1614,0,0,0,0
9127DFE97E638774ED6C4547918BA162,(direct),23,0,0,0,0
9BD663F05EA7660B40800C28E2BF59FC,(direct),458,9,0,0,0
31A81B7189F8AA8BADD3FC2D3EAE48D4,(direct),10,0,0,0,0
6FA9428194AD2E9D16720D405ED2DAB2,,22,0,0,0,0
A332BF6CC122D1CEE65358AF2CBBD567,(direct),17,0,0,0,0
774364DD86012B5503A710C4BF612F92,(direct),72,0,0,0,0
80E1D7AD1980A2D9B7A6A7BD4D939337,(direct),17,0,0,0,0
43251B4821FA3F7EF7A38628655ACB7D,(direct),3,0,0,0,0
7954F970C93ED6F9AEF04CE25CE871CD,(direct),4,0,0,0,0
F737990A8EE1F47ADA4A5200F9C38A97,(direct),5,0,0,0,0
FE1406E149A6084DDF859CE9AD431579,,439,0,0,0,0
FBC0640A4C403AB44287F113D4645EB6,(direct),5,0,0,0,0
495F7B3BB01B24C891DC2E57A454DFC8,,94,3,0,0,0
C6083281A4BC8AE2E4D7C19D90EB2EBC,(direct),389,19,0,0,0
BE69C8215FB7A6EC7CCEA38B404CCEC4,(direct),6,0,0,0,0
B104E8DE71F10F08E52DA72A50C81664,(direct),7,0,0,0,0
C83492F3B2F1F6305F4923DA15EBA273,(direct),241,0,0,0,0
677FDD1656297F161FE8E0081699BAC7,(direct),16,0,0,0,0
E3210532BA0838094E646E12D714BFE2,,36,0,0,0,0
54DF823029684ECFF20528667946AC2D,(direct),531,0,0,0,0
79618C9DC42486694D0C709007398787,(direct),25,1,0,0,0
B891FB3B934244C19C73ADD9883B509D,(direct),36,0,0,0,0
B61FDDD57DA47BA00E14707352203938,(direct),36,0,0,0,0
37A4A5CCEE0FD6189187EDFF41C6F413,(direct),6,0,0,0,0
0DB2864E7EC7D29DA4EC1540FFDC419A,,88,0,0,0,0
0E3ECDABEF1382AE1EC8A2B31A2D505A,,38,0,0,0,0
70EF8D8DAEA122A39718DB848634592F,(direct),51,0,0,0,0
6A81786CDC6F931B430B09D7FFDE8BD7,(direct),7,0,0,0,0
A48E8402E01E93E43524A2746524FF73,(direct),231,4,0,0,0
51D9FDE9AFFE896810C7DE3B22749F1A,(direct),11,0,0,0,0
4C850D5FB94EA217AE1743159964D955,,72,1,0,0,0
62F7833E64861B070EC43E2CFB9D4EA6,,5,0,0,0,0
362FA50A14492F365C556ED8B09F2C8B,,62,0,0,0,0
D47A8C577324D9490FE424B0A11154D0,,157,1,6,21,0
3F15DB0A6DA7D3B3456291BC1F5BF8F3,(direct),17,0,0,0,0
CD01F4303762913133BB78B2ED5738DB,(direct),10,0,0,0,0
2B9E05C9A73CE9EFCADC80CE582ADBA6,(direct),12,0,0,0,0
3A5D4B43580D9631A7F35A64181A35C5,(direct),21,0,0,0,0
F3CEB16AAAD2F63C31AAD8617261FA78,(direct),25,0,0,0,0
CC8DFD648FF20954F47DA8DFD9AE58B5,(direct),53,1,0,0,0
988E20C1031C6FA5301C7D2FBD90A4BF,(direct),22,0,0,17,0
A625B2C4E4CEFE8F1C9ADBC48833A11F,,78,0,0,0,0
D40846D1475D5E46D321750750943A9C,,22,0,0,0,0
C1401D22C2CC5D9C3F35CF5D3C0769A9,,51,2,0,0,0
ABF3E5FB92EF4F36B295E43812F8CD04,(direct),95,0,0,0,0
C021984971708350A5394E695922BF35,(direct),49,1,0,0,0
AE89CF8BE27A4602C6EA8D2F8D383F42,,38,0,0,0,0
C932D21ED052F52DDEAD4C6FE8ABF7DD,,220,0,0,21,0
FD07A35E258684651DF56B975C273B32,(direct),6,0,0,0,0
B6B8C0DA3E4895115A7C8E09B23AA079,(direct),470,0,0,0,0
3BB49B824A253E66FC4A3C47A32D980B,,25,2,0,0,0
AEEFEB2B840AB521A60BDFB354D06F32,(direct),58,0,0,0,0
604581EBBA6CECFC5D56550A4C8BB3A3,(direct),27,0,0,0,0
191D3EAE9DFA341F8D8CC5DC8BDD1D80,(direct),32,0,0,0,0
0AFE3DE6A443BD660CDD5B1FA36686F6,(direct),94,0,0,0,0
1883FA137573AAF5D0AA698C2D27CA73,,374,2,0,0,0
751018CE835AF22D782F2DD95FCD3429,,305,2,0,0,0
DACD1498411E056455073E0371DF8EDE,(direct),58,0,0,0,0
88E6D3D4433BA2B424A6D5D23A871B97,(direct),919,0,0,0,0
7B75374CC55EA2197E6783B9FD7BCE0E,,535,3,0,0,0
60CF95FA33182F350DB929F6825950B2,,93,0,0,0,0
8A8767DAACDC3F673378BD6B3574C061,(direct),23,0,0,0,0
85F83E90C99912F89521244BD25C99C5,(direct),34,0,0,0,0
225638B28A80341EEB04F1DFC144F30E,(direct),364,0,0,21,0
25635229735B865AB485C488642D4F93,(direct),141,0,0,0,0
0A7FCCDCB40A322AE53E43A0A0D099DB,(direct),7,0,0,0,0
8F75FAE8C9129A7B666A7DBA014898E4,(direct),735,0,0,0,0
7A2B97EF274C785C520630383E8620C5,(direct),20,0,0,0,0
B969FADBA69F9275618A6D7B9B986063,(direct),408,6,1,0,0
0979A3E58FC8F7FFB1F9FB7C69AF99FE,(direct),51,0,0,0,0
C6612BDBF9E70C3C8A39B77FFA145CB8,,281,10,0,0,0
46BC6E857283A25AC5BDB2A1553FB7DB,,92,5,0,0,0
58B7ED321E8361D3FBACF4DF4E549399,(direct),83,0,0,0,0
DCB109F15C5BD8C4B02F84B6A3B7D242,(direct),28,0,0,0,0
6C7BB9077DD8569EDC4D4FDA0634FFDB,(direct),20,1,0,0,0
0CFD16A46A05B5BD29D3A37284B94CBB,,361,0,0,0,0
6D717745A9FF51CA21D39208C1668378,,2745,6,50,21,0
DA4BCFC16C1735AFFAD960E8B9064525,(direct),32,0,0,0,0
362C4170BE71B71630D1C7790927BD4C,(direct),37,0,0,0,0
346CD6014841FFAB8A094411970DDD9E,(direct),3,0,0,0,0
942E123C7E8C0B62935889D03D77BE8E,(direct),587,4,0,0,0
22DC6A6AE86C0AA33EBB8C3164A26925,,2230,33,0,0,0
6B141901E48698AACFB68C2AD3F370DD,,435,4,0,0,0
7ED4165854463C38F1D739A2014001D9,,261,1,0,0,0
425816131EC0FAAFC05A57B02717564F,(direct),136,0,0,0,0
9B27F8491DC5DA23D369F31250BD8D65,,126,0,0,0,0
DDFE0B623F523F68FF0A338D5B6F3FB8,,180,0,2,0,0
C74FB6CB3E35ED81E2ADF1170D3FC66A,(direct),102,0,0,0,0
4CC453DA57531954D7C053B93A20B5D0,(direct),1034,0,0,0,0
3CE1655CEC10EC3111E5A5A7B267C017,(direct),61,0,0,0,0
1845E883F5E20391CD3BD68F488A3C5E,(direct),990,1,0,0,0
C6D97C0D6DA580A6FDB44BB2C3015A85,(direct),59,2,0,0,0
1F58AAA40540B7B531EF090A0669384E,(direct),4,0,0,0,0
E0664E9E7883956A6E3084FD68AA274B,(direct),4684,234,0,0,0
B0E43D55E7015E85F05815AA155F1D9D,(direct),5,0,0,0,0
8CEB26799D9B0D577FF288366EA07024,(direct),540,1,0,0,0
8046473848C0E0F86B801F15D438D7A3,,324,7,0,0,0
B7A127DE83D18B2709AE3149BA275910,,688,0,0,0,0
0F24544604D3C9D09AFCEDF0804673CB,(direct),24,0,0,0,0
AD0F96C7E7C9971769FEF621FBE84927,(direct),29,0,0,0,0
F51601197BF83FA0598C901D8B5B0489,(direct),13,0,0,0,0
85EB1F5E5428C27F8AAFB98507327F46,(direct),2,0,0,0,0
A3384A85706F346DE8E7B3547A41EEAD,(direct),6,0,0,0,0
E99D4AD5E5663BABE4AC08C027C775EF,(direct),767,5,0,19,0
461EEAF2B9223AE1D44C0E8DCE64876C,(direct),779,2,0,4,0
47055E61DA0D1DF28229E1096D48492A,(direct),105,1,0,21,0
8F255AA85CDE60CB76AE32BDE0BD42AB,(direct),30,3,0,0,0
C0A246416D06E82892A4CBD5291DBBBC,,738,2,6,0,0
53649082C25AB9A9CD1E394EBBA9CEF3,(direct),661,0,0,0,0
FB6DF2FE493D87177B8A640D71AE45DD,,912,1,0,0,0
F9FF497C871834C40CECABF0180CD99E,,57,0,0,0,0
14B32C9FD0A69C18E36D7E07014366E3,(direct),67,0,0,0,0
A944897CEB774B1BC2AFEA13A907B39E,(direct),120,0,0,21,0
7D7778B18BB66F757E49861E273156EE,,13,0,0,0,0
A548C8D6231CA50B3DB5BBCA75245971,(direct),23,3,0,0,0
13C310CA6E62FD1EB15BB8610D0CAE89,,1794,0,0,0,0
27951B102A564E3FF875726564A141FF,,547,1,0,0,0
44E112A308085F7C3173624E281BCC14,(direct),44,0,0,0,0
A1BAD185B9C6654FD433BF487E998D1F,(direct),133,0,0,0,0
D32344BA5A0153E336B5F73ED2979785,(direct),266,7,0,0,0
952593544FF78585E08BCBD1E858B570,(direct),64,0,0,0,0
C6F1E972D68BE8C168E02404C3B272C7,(direct),5,0,0,0,0
E41F819718B0E2C49D347493BFACA027,(direct),26,1,0,0,0
42E20D95E5AC8A85D895C158FBAA1329,(direct),38,0,0,0,0
678B5107CB9D55A57C122F3A3CE95F51,(direct),1,0,0,0,0
9BC94B3773C8304A9E101AEBCFEF4A5F,,2113,44,1,0,0
14D2CC492FA1B74EF26E9CF576C5F624,(direct),39,0,0,0,0
19B1A4123A1AFB4FC3F6E92D145E1A1B,,34,0,0,0,0
A776E19B897A79CDA2590F41EBAE647A,(direct),9,0,0,0,0
269EE73F71332F51BD32D77A5823CAE3,(direct),51,0,0,0,0
626E752BEFB7A66231B9CBEB3B4FAB1C,,191,3,0,3,0
37F354B57F5815ED7F977B4EB58C17EF,,47,0,0,0,0
7134AEDAC33182DDBEF67FD651E606BC,(direct),86,0,0,21,0
B16552FBC83FC078EF2BE57040A473F8,,6,0,0,0,0
B100E7D54CE769CF55AC6949A18EC4CE,,507,15,0,0,0
6F90140F6B66544AAF9181C740122566,(direct),44,1,0,0,0
E102F19E39B32A45B7153A21B8F9A6FB,(direct),52,0,0,0,0
309FB06B1E8E1B92A3F2164D30C4932F,(direct),59,0,0,0,0
7814B0C31DD814CFAD6DA4E2B4C4EEDB,,92,0,0,0,0
72FC15A9C0E3262CFCF42B619ECF3774,(direct),103,0,0,0,0
ECDF273CA57076C532858AE4B1CE2C90,(direct),41,0,0,0,0
C57F79764C2B3F64657AB2BF3921FA17,(direct),68,0,0,0,0
989238B177D187289D93F47B268FD48C,(direct),11,0,0,0,0
6C31CA4020CECC2B055E465813E2C541,(direct),4,0,0,0,0
F916D30FAD36F1282F98AEA3D580BEBE,(direct),170,3,0,0,0
9CD32E150A48D09944338963BBE1EA18,,109,3,0,0,0
EE07F52A618BA7AACDCD6712B01F945A,,230,0,0,0,0
17AC67BC8CCDA6672DE2523CE1D83B3F,,27,0,0,0,0
BC064795B00FD9555A89CF78BEF9091A,(direct),26,0,0,0,0
FA0EA6658C901A2B7B9217DFE84D42E7,(direct),32,0,0,0,0
C2F62D6F8815057409C5F511E3ED8A89,(direct),30,0,0,0,0
0217CFB14E415205AE6B110F64C9B713,(direct),278,4,0,0,0
4E8A65E6E71A201D5C8CEBD90B59ABC3,(direct),203,0,0,0,0
CFD21DF2629D9493B5FB0A0971370481,(direct),112,0,0,0,0
CFB7EA15CA2A515D1E15CDF261CD899B,(direct),49,0,0,0,0
D7C4BD696A49356175EE064AC6195452,,127,0,1,12,0
7BA1098EE744CDED1FA599098513BF43,(direct),10,0,0,0,0
E15CC599FA923B9D51503DF30CC3A40F,(direct),112,0,0,21,0
BBC2EEB75E601743F13AF88E06F80659,(direct),194,2,0,0,0
4B318E1C0D8D4FBBEB6C9806947B2604,(direct),2,0,0,0,0
91691D8B63F66F0D23D6BEBC96408779,(direct),36,0,0,0,0
74EFDBFCB53D83E8725D95130BA74879,,65,0,0,0,0
B69E579D490D0275ECF798F461ED40CF,(direct),67,0,0,0,0
59C79351BA65506A00F8F940CC9EB337,(direct),147,0,0,0,0
50D8D0C89D69EDAE2F04E43E90DB59C1,(direct),167,0,3,21,0
2153C36F9ABADBC957F8403899AE4B0B,(direct),8,0,0,0,0
AC103055E83E587CED6353022475BC46,(direct),8,0,0,0,0
26E433620D4C61C3082CF472C0528789,(direct),17,0,0,0,0
DD9205509DA2F9DFA16544716C9E3C35,(direct),321,1,0,0,0
DD0B5B3FDDB53B4D12F984A0DA6E8C9F,(direct),5,0,0,0,0
3422CA1B4B6A9ACE78187868F362C3C7,,56,0,0,0,0
9B6D674F62DE7BFAE7FFE7E5D9DBA75A,,211,3,0,0,0
4F8A02D6FC2B4E2A71F2FE9943CE633C,,73,1,0,0,0
15032ACA55945231058608EDC6A14ABF,(direct),304,14,1,5,0
85FD822179C8D3D3186DE94BF76DBB48,,2,0,0,0,0
B993A431A2387544D245038CAAC2A80B,(direct),6,0,0,0,0
47A8CC215AA66ED9190E8E11879B8502,,93,1,0,0,0
C7BD490452F7CBF2D49339DF6F53072D,,113,0,0,0,0
56638C161E53327DFF2A4C3001968B70,,514,1,0,0,0
1F91CA88C5E106304CDBD9C769FEC3E4,,330,0,1,0,0
F03F43E2B51C7E59E3AABB0D224B8B65,(direct),263,3,0,0,0
0061B4B16D4EABF6E23141FBAEEFE7B2,,13,0,0,0,0
D1A34C0FAE2F326F2C050020A3B990C5,(direct),4,0,0,0,0
DAD23DD885EEE844890417FC965052F0,,7,0,0,0,0
239B36D8ED2161D10687A09C0EF34477,(direct),441,17,0,0,0
257774E79E4827F63414C62DD5C64DE9,,56,0,0,0,0
F314B55E64BF801420642F189A3F408A,(direct),149,0,0,0,0
3864B62A2746E978C22EF4048EDA598D,(direct),21,0,0,0,0
9D7FBEE36126EDDACD5524F832FCCA6A,(direct),141,0,0,0,0
07A6B44E67F46615D8569A26774E5C33,(direct),8,0,0,0,0
A0F97DB2444E45A53B34910283C4DCBC,,12,0,0,0,0
8598BD0A144E1836E3928E630817631E,(direct),25,0,0,19,0
7746132EFF1AE873A93DD6520B7D43F2,(direct),6,0,0,0,0
AA9C5876D7EB769A269380558FEE0C6E,(direct),33,0,0,0,0
370BAFBB7AFD77B12726F4712DB42DF8,,122,0,0,0,0
9C82775812A959D5A1446FDA75CC2C88,(direct),5,0,0,0,0
5C17C05950C71938CFA82EA7C517748B,,3,0,0,0,0
109571F881B4E3AB5794806A26FAE7B7,,31,0,0,0,0
7CD0708B481263C11B97FE80DE5E4517,,110,0,0,0,0
61C77C8D9E7F92524289DA7E9D4786BF,(direct),81,0,0,0,0
8CD638D1C8B7A36BE8B3C73195BAE010,,90,0,0,0,0
4DBEB5B9A21E6DBC6F52F17C4B761B4A,,20,0,0,0,0
1F2F78104668E3EA43A42D4981EA6F4D,(direct),7,0,0,0,0
32EA50E1FB1D43BBDCB4B8D423C83D9C,,56,0,0,0,0
CCA3B63BDFCF5B859451E8F5645DD794,(direct),79,1,0,0,0
75D4077943E2281AEBA789BB5E0E2780,(direct),8,0,0,0,0
CC2AA376D92831200B850CA2CA3E92A8,,85,0,0,0,0
F08C95B4C15C48637756D065797987ED,,29,1,0,0,0
86B386FCDE953B414B9AE6A138445B84,(direct),71,0,0,0,0
85AEDB7C4BADBE9663D59A01F1C9A1C0,(direct),2,0,0,0,0
354AB7606F0F38DBF7A9B74ADE0838FD,(direct),3,0,0,0,0
F6E6CCCB27C3FA47728DCA1C4AE72AC4,(direct),3,0,0,0,0
EF651AFA508A4888B92578704BFAC986,(direct),12,0,0,0,0
D459259A48556B4C4BA67DA52F665AC9,(direct),83,0,0,0,0
E68A264ADBA1C799CEC92C1B6D234E2A,(direct),29,0,0,0,0
747C402883F8362C5126E1F17001589D,,26,0,0,0,0
AF95C7E5728791DE106189076F09E72B,(direct),7,0,0,0,0
1BE83BD7CAA4157AB3AE12A04A05CEF0,(direct),1,0,0,0,0
40A81A69B84A84C1E7577605FA47594C,(direct),47,2,0,0,0
278FA6F6853A97CCDDB1368234B5EF28,(direct),114,0,0,0,0
1134FE8705373C6852884A350548B168,(direct),14,0,0,0,0
CF3E30C268C370CB5E075ADCF0D0859A,(direct),115,2,0,2,0
C51C2D1651FFD1956541E126BD6B724E,(direct),29,0,0,0,0
A3AA17E4E34A1D128DD04ACF796D46F9,(direct),34,0,0,0,0
334FEC77CD0647725103A13F54091F7B,(direct),4,0,0,0,0
982EFFBDA5A3752AAF4F9A6E6B74A29B,,4,0,0,0,0
688C1F640EFE5747507270CA7363EC0D,(direct),41,0,0,0,0
0C8B96426B5C39DCF5FC7B033270434A,(direct),34,3,0,0,0
56B7FF587AE3D5830E33D141EFE7057B,(direct),117,0,0,0,0
7B07D8969C99C0EF2B86B5E3B53A9DBF,Invite a Friend,103,0,0,0,0
F0AAB28D7E512FC0BCE9B7CF66EFD485,(direct),111,0,0,21,0
D085B6D6AEEA6314350B46AE987CD114,,90,0,0,0,0
2A7EEC4B71E9E97EFD6504A7D57931FF,(direct),53,0,0,0,0
CB8D3D1B22502C78B5ED66A08A5C7CED,(direct),68,0,0,0,0
56398B4035B86CBCEF9237DAD33CEEED,(direct),197,0,0,0,0
66163D6663552C5C43D3DB1D98FCA9DA,(direct),624,0,0,0,0
F37D0945286059018632F1151EFE1AD3,,57,0,0,0,0
DF0E8F12B1AA38135A5448195EFEC25B,(direct),95,9,0,0,0
F1F40FEC1F9895EF7F39B4452BE28238,(direct),25,0,0,0,0
ACDEFD8D3F601128F8B6B55256028E1C,(direct),127,3,0,0,0
87158A01030A8DF9AA28CDDA4393589D,(direct),5,0,0,0,0
AA287C3266DB6069B75DCBB51006D808,(direct),44,0,0,0,0
FA4033B7C4EB61084AD94FAA26B15B58,,20,0,0,0,0
BCC3E8C43D2F91EAA6BCCB6476ECAA07,(direct),104,0,0,0,0
E257276F0588FCD48CDBB90133C335E2,,15,0,0,0,0
60597897170A939505105BF1863E9E4E,,55,1,0,0,0
7D16FA38E5D29146B0CC5B82279DFA58,(direct),16,0,0,0,0
C04D8138266E1439C156ABE4E82F4706,,7,0,0,0,0
1010A9A4D76FDDAB3C456113CC4E6C95,,63,0,0,21,0
20FCCC7CB1550DC4A2E15AB2C3166824,(direct),10,0,0,0,0
AA6C185B662F56BA9006BDA50DF5E142,(direct),5,0,0,0,0
9768367BE6132B5C5AD84DD63411E2E3,(direct),39,0,0,0,0
B8ABF06C01AC9AE51849B42460E2E560,(direct),5,0,0,0,0
39EF695D0747486FAE1BCABEC98EEEC0,(direct),34,0,0,0,0
E730097121F6790373D1BBCA545FD946,,1,0,0,0,0
B08E7CF6F2FD5B89D0736DAC76D9029A,,62,1,0,0,0
A9C5BCCA25A98EB83162BEFADCB7B38A,(direct),207,0,0,0,0
BF42BFAB6841EA07426BC556C937BD0F,(direct),83,0,0,0,0
048D461F5F6A2437E33E1896ABD1507A,(direct),11,0,0,0,0
46940B869F002DCFDDA860189AF77F23,(direct),24,0,0,0,0
F475A23EE0B80DC59250CBB1C35AFB3E,,167,0,0,0,0
7C2B51C7FD6A677AA1627FFCCA79CAA9,(direct),28,1,0,0,0
10F23E6BC97C1373F4F972DB75A30F01,(direct),12,0,0,0,0
005F127942F3FD25588272950FDFD339,(direct),3,0,0,0,0
AD4F1A309EFC484D95DED3A5CFF63D02,(direct),35,0,0,0,0
1E5B0F76F3E253BB03C2BBE25E3B9BF6,,75,0,0,0,0
815E993C6CFE9A842858A0D2F20D8663,(direct),87,4,0,5,0
FAC23931821B151AD13B4E7B3CA3987B,(direct),428,13,0,4,0
0579CD8B9F2F5C48A5F1ACECF88750A7,(direct),88,2,0,0,0
0A26E7281EC31038AD42F28C930FFF90,,124,7,0,0,0
A100243833A4A2AC7041C41B4807F961,(direct),148,1,0,0,0
5C5D78DD8E3D3B7FFC9118D4511E76BF,(direct),235,3,0,0,0
5A9A3E94580D662C817FD51B5C1D7E7E,(direct),36,0,0,0,0
784FCE36821DC86DBB8A08B517876B13,,9,0,0,0,0
DFDE5425237185986327A054407A09B4,(direct),106,1,0,0,0
21DA809CF1B07A7E8D2D73D9030FEEBC,,137,0,0,0,0
93D5DF30DC509863B8918BB7F73E0BC5,(direct),88,0,0,0,0
3E57621C646464D99ECFAC0A4642B398,(direct),242,0,0,0,0
C2CDD49D04056C8A2F99CCAF7A7FAF3F,(direct),438,0,0,0,0
3AF878DF2D82CB843607C005B0729451,(direct),49,0,0,0,0
EDDD1F09F32BB54134A50D174BD26137,(direct),229,0,0,0,0
73C97FBF6DFC10BACDE7EFB65E89F983,(direct),61,2,0,0,0